{
    "best_model": "Logistic Regression",
    "accuracy": 0.750709823963657,
    "precision": 0.5195530726256983,
    "recall": 0.7965738758029979,
    "f1_score": 0.628909551986475,
    "roc_auc": 0.8460163694071468
}